<?xml version="1.0" encoding="UTF-8"?>
<metadata xml:lang="en"><Esri><CreaDate>20140305</CreaDate><CreaTime>11185600</CreaTime><SyncOnce>FALSE</SyncOnce><SyncDate>20140305</SyncDate><SyncTime>11185600</SyncTime><ModDate>20140305</ModDate><ModTime>11185600</ModTime><DataProperties><lineage><Process Name="Dissolve_1" ToolSource="C:\Program Files\ArcGIS\ArcToolbox\Toolboxes\Data Management Tools.tbx\Dissolve" Date="20080213" Time="102214" export="">Dissolve schResSheds C:\GIS\sheds\schResShedsdesolved.shp OUTFALL # MULTI_PART</Process><Process Name="Union_1" ToolSource="C:\Program Files\ArcGIS\ArcToolbox\Toolboxes\Analysis Tools.tbx\Union" Date="20080215" Time="104553" export="">Union "schResShedsdesolved #;Actual_Drainage_Sheds_inwork2 #" C:\GIS\OWS_hydro_sheds.mdb\Sheds\Actual_Drainage_Sheds_inwork2 ALL # NO_GAPS</Process><Process ToolSource="C:\Program Files\ArcGIS\ArcToolbox\Toolboxes\Data Management Tools.tbx\CopyFeatures" Date="20080606" Time="114324" Name="" export="">CopyFeatures C:\GIS\Masters\Watersheds_OWS.mdb\Watersheds\Actual_Drainage_Sheds C:\GIS\Masters\Hydro_Watershed_MasterDB.mdb\Actual_Drainage_Sheds # 0 0 0</Process><Process ToolSource="C:\Program Files\ArcGIS\ArcToolbox\Toolboxes\Conversion Tools.tbx\FeatureClassToFeatureClass" Date="20081024" Time="112814" Name="" export="">FeatureClassToFeatureClass Y:\MASTER_DATABASES\Hydro_Watershed_Master.mdb\Actual_Drainage_Sheds Y:\MASTER_DATABASES\OOW_MASTER.mdb\M_sheds_hydro Sheds # "COUNTYNAME 'COUNTYNAME' true true false 30 Text 0 0 ,First,#,Y:\MASTER_DATABASES\Hydro_Watershed_Master.mdb\Actual_Drainage_Sheds,COUNTYNAME,-1,-1;MUNINAME 'MUNINAME' true true false 50 Text 0 0 ,First,#,Y:\MASTER_DATABASES\Hydro_Watershed_Master.mdb\Actual_Drainage_Sheds,MUNINAME,-1,-1;WATERSHED 'WATERSHED' true true false 50 Text 0 0 ,First,#,Y:\MASTER_DATABASES\Hydro_Watershed_Master.mdb\Actual_Drainage_Sheds,WATERSHED,-1,-1;SUBWATERSH 'SUBWATERSH' true true false 40 Text 0 0 ,First,#,Y:\MASTER_DATABASES\Hydro_Watershed_Master.mdb\Actual_Drainage_Sheds,SUBWATERSH,-1,-1;CREEK 'CREEK' true true false 35 Text 0 0 ,First,#,Y:\MASTER_DATABASES\Hydro_Watershed_Master.mdb\Actual_Drainage_Sheds,CREEK,-1,-1;SHED_NAME 'SHED_NAME' true true false 35 Text 0 0 ,First,#,Y:\MASTER_DATABASES\Hydro_Watershed_Master.mdb\Actual_Drainage_Sheds,SHED_NAME,-1,-1;OUTFALL_1 'OUTFALL' true true false 25 Text 0 0 ,First,#,Y:\MASTER_DATABASES\Hydro_Watershed_Master.mdb\Actual_Drainage_Sheds,OUTFALL_1,-1,-1;SURVEY_PNT 'SURVEY_PNT' true true false 15 Text 0 0 ,First,#,Y:\MASTER_DATABASES\Hydro_Watershed_Master.mdb\Actual_Drainage_Sheds,SURVEY_PNT,-1,-1;SEWTYPE 'SEWTYPE' true true false 3 Text 0 0 ,First,#,Y:\MASTER_DATABASES\Hydro_Watershed_Master.mdb\Actual_Drainage_Sheds,SEWTYPE,-1,-1;MODELID 'MODELID' true true false 2 Short 0 0 ,First,#,Y:\MASTER_DATABASES\Hydro_Watershed_Master.mdb\Actual_Drainage_Sheds,MODELID,-1,-1;MODIDNAME 'MODIDNAME' true true false 125 Text 0 0 ,First,#,Y:\MASTER_DATABASES\Hydro_Watershed_Master.mdb\Actual_Drainage_Sheds,MODIDNAME,-1,-1;OUTLET 'OUTLET' true true false 16 Text 0 0 ,First,#,Y:\MASTER_DATABASES\Hydro_Watershed_Master.mdb\Actual_Drainage_Sheds,OUTLET,-1,-1;Shape_Length 'Shape_Length' false true true 8 Double 0 0 ,First,#,Y:\MASTER_DATABASES\Hydro_Watershed_Master.mdb\Actual_Drainage_Sheds,Shape_Length,-1,-1;Shape_Area 'Shape_Area' false true true 8 Double 0 0 ,First,#,Y:\MASTER_DATABASES\Hydro_Watershed_Master.mdb\Actual_Drainage_Sheds,Shape_Area,-1,-1;Checked_By 'Checked_By' true true false 2 Short 0 0 ,First,#,Y:\MASTER_DATABASES\Hydro_Watershed_Master.mdb\Actual_Drainage_Sheds,Checked_By,-1,-1" # Y:\MASTER_DATABASES\OOW_MASTER.mdb\M_sheds_hydro\Sheds</Process><Process ToolSource="C:\Program Files\ArcGIS\ArcToolbox\Toolboxes\Conversion Tools.tbx\FeatureClassToFeatureClass" Date="20100208" Time="105337" Name="" export="">FeatureClassToFeatureClass "Database Connections\Watersheds.sde\OWS_GISDATA.OWS.Master_sheds_hydro\OWS_GISDATA.OWS.Sheds" "Database Connections\Watersheds.sde\OWS_GISDATA.OWS.WATERSHEDS" Sub_Watersheds # "COUNTYNAME 'COUNTYNAME' true true false 30 Text 0 0 ,First,#,Database Connections\Watersheds.sde\OWS_GISDATA.OWS.Master_sheds_hydro\OWS_GISDATA.OWS.Sheds,COUNTYNAME,-1,-1;MUNINAME 'MUNINAME' true true false 50 Text 0 0 ,First,#,Database Connections\Watersheds.sde\OWS_GISDATA.OWS.Master_sheds_hydro\OWS_GISDATA.OWS.Sheds,MUNINAME,-1,-1;WATERSHED 'WATERSHED' true true false 50 Text 0 0 ,First,#,Database Connections\Watersheds.sde\OWS_GISDATA.OWS.Master_sheds_hydro\OWS_GISDATA.OWS.Sheds,WATERSHED,-1,-1;SUBWATERSH 'SUBWATERSH' true true false 40 Text 0 0 ,First,#,Database Connections\Watersheds.sde\OWS_GISDATA.OWS.Master_sheds_hydro\OWS_GISDATA.OWS.Sheds,SUBWATERSH,-1,-1;CREEK 'CREEK' true true false 35 Text 0 0 ,First,#,Database Connections\Watersheds.sde\OWS_GISDATA.OWS.Master_sheds_hydro\OWS_GISDATA.OWS.Sheds,CREEK,-1,-1;SHED_NAME 'SHED_NAME' true true false 35 Text 0 0 ,First,#,Database Connections\Watersheds.sde\OWS_GISDATA.OWS.Master_sheds_hydro\OWS_GISDATA.OWS.Sheds,SHED_NAME,-1,-1;OUTFALL_1 'OUTFALL' true true false 25 Text 0 0 ,First,#,Database Connections\Watersheds.sde\OWS_GISDATA.OWS.Master_sheds_hydro\OWS_GISDATA.OWS.Sheds,OUTFALL_1,-1,-1;SURVEY_PNT 'SURVEY_PNT' true true false 15 Text 0 0 ,First,#,Database Connections\Watersheds.sde\OWS_GISDATA.OWS.Master_sheds_hydro\OWS_GISDATA.OWS.Sheds,SURVEY_PNT,-1,-1;SEWTYPE 'SEWTYPE' true true false 3 Text 0 0 ,First,#,Database Connections\Watersheds.sde\OWS_GISDATA.OWS.Master_sheds_hydro\OWS_GISDATA.OWS.Sheds,SEWTYPE,-1,-1;MODELID 'MODELID' true true false 2 Short 0 5 ,First,#,Database Connections\Watersheds.sde\OWS_GISDATA.OWS.Master_sheds_hydro\OWS_GISDATA.OWS.Sheds,MODELID,-1,-1;MODIDNAME 'MODIDNAME' true true false 125 Text 0 0 ,First,#,Database Connections\Watersheds.sde\OWS_GISDATA.OWS.Master_sheds_hydro\OWS_GISDATA.OWS.Sheds,MODIDNAME,-1,-1;OUTLET 'OUTLET' true true false 16 Text 0 0 ,First,#,Database Connections\Watersheds.sde\OWS_GISDATA.OWS.Master_sheds_hydro\OWS_GISDATA.OWS.Sheds,OUTLET,-1,-1;Checked_By 'Checked_By' true true false 2 Short 0 5 ,First,#,Database Connections\Watersheds.sde\OWS_GISDATA.OWS.Master_sheds_hydro\OWS_GISDATA.OWS.Sheds,Checked_By,-1,-1;Shape_area 'Shape_area' false false true 0 Double 0 0 ,First,#,Database Connections\Watersheds.sde\OWS_GISDATA.OWS.Master_sheds_hydro\OWS_GISDATA.OWS.Sheds,Shape.area,-1,-1;Shape_len 'Shape_len' false false true 0 Double 0 0 ,First,#,Database Connections\Watersheds.sde\OWS_GISDATA.OWS.Master_sheds_hydro\OWS_GISDATA.OWS.Sheds,Shape.len,-1,-1" # "Database Connections\Watersheds.sde\OWS_GISDATA.OWS.WATERSHEDS\OWS_GISDATA.OWS.Sub_Watersheds"</Process><Process ToolSource="C:\Program Files\ArcGIS\ArcToolbox\Toolboxes\Conversion Tools.tbx\FeatureClassToFeatureClass" Date="20100811" Time="140516" Name="" export="">FeatureClassToFeatureClass "Database Connections\Watersheds.sde\OWS_GISDATA.OWS.WATERSHEDS\OWS_GISDATA.OWS.Sub_Watersheds2" F:\Backups.mdb Sub_watersheds2 # "COUNTYNAME 'COUNTYNAME' true true false 30 Text 0 0 ,First,#,Database Connections\Watersheds.sde\OWS_GISDATA.OWS.WATERSHEDS\OWS_GISDATA.OWS.Sub_Watersheds2,COUNTYNAME,-1,-1;MUNINAME 'MUNINAME' true true false 50 Text 0 0 ,First,#,Database Connections\Watersheds.sde\OWS_GISDATA.OWS.WATERSHEDS\OWS_GISDATA.OWS.Sub_Watersheds2,MUNINAME,-1,-1;WATERSHED 'WATERSHED' true true false 50 Text 0 0 ,First,#,Database Connections\Watersheds.sde\OWS_GISDATA.OWS.WATERSHEDS\OWS_GISDATA.OWS.Sub_Watersheds2,WATERSHED,-1,-1;SUBWATERSH 'SUBWATERSH' true true false 40 Text 0 0 ,First,#,Database Connections\Watersheds.sde\OWS_GISDATA.OWS.WATERSHEDS\OWS_GISDATA.OWS.Sub_Watersheds2,SUBWATERSH,-1,-1;CREEK 'CREEK' true true false 35 Text 0 0 ,First,#,Database Connections\Watersheds.sde\OWS_GISDATA.OWS.WATERSHEDS\OWS_GISDATA.OWS.Sub_Watersheds2,CREEK,-1,-1;SHED_NAME 'SHED_NAME' true true false 35 Text 0 0 ,First,#,Database Connections\Watersheds.sde\OWS_GISDATA.OWS.WATERSHEDS\OWS_GISDATA.OWS.Sub_Watersheds2,SHED_NAME,-1,-1;OUTFALL_1 'OUTFALL' true true false 25 Text 0 0 ,First,#,Database Connections\Watersheds.sde\OWS_GISDATA.OWS.WATERSHEDS\OWS_GISDATA.OWS.Sub_Watersheds2,OUTFALL_1,-1,-1;SURVEY_PNT 'SURVEY_PNT' true true false 15 Text 0 0 ,First,#,Database Connections\Watersheds.sde\OWS_GISDATA.OWS.WATERSHEDS\OWS_GISDATA.OWS.Sub_Watersheds2,SURVEY_PNT,-1,-1;SEWTYPE 'SEWTYPE' true true false 3 Text 0 0 ,First,#,Database Connections\Watersheds.sde\OWS_GISDATA.OWS.WATERSHEDS\OWS_GISDATA.OWS.Sub_Watersheds2,SEWTYPE,-1,-1;MODELID 'MODELID' true true false 2 Short 0 5 ,First,#,Database Connections\Watersheds.sde\OWS_GISDATA.OWS.WATERSHEDS\OWS_GISDATA.OWS.Sub_Watersheds2,MODELID,-1,-1;MODIDNAME 'MODIDNAME' true true false 125 Text 0 0 ,First,#,Database Connections\Watersheds.sde\OWS_GISDATA.OWS.WATERSHEDS\OWS_GISDATA.OWS.Sub_Watersheds2,MODIDNAME,-1,-1;OUTLET 'OUTLET' true true false 16 Text 0 0 ,First,#,Database Connections\Watersheds.sde\OWS_GISDATA.OWS.WATERSHEDS\OWS_GISDATA.OWS.Sub_Watersheds2,OUTLET,-1,-1;Checked_By 'Checked_By' true true false 2 Short 0 5 ,First,#,Database Connections\Watersheds.sde\OWS_GISDATA.OWS.WATERSHEDS\OWS_GISDATA.OWS.Sub_Watersheds2,Checked_By,-1,-1;MON_ID 'MON_ID' true true false 10 Text 0 0 ,First,#,Database Connections\Watersheds.sde\OWS_GISDATA.OWS.WATERSHEDS\OWS_GISDATA.OWS.Sub_Watersheds2,MON_ID,-1,-1;Sq_Miles 'Sq_Miles' true true false 8 Double 8 38 ,First,#,Database Connections\Watersheds.sde\OWS_GISDATA.OWS.WATERSHEDS\OWS_GISDATA.OWS.Sub_Watersheds2,Sq_Miles,-1,-1;Unique_ID 'Unique_ID' true true false 10 Text 0 0 ,First,#,Database Connections\Watersheds.sde\OWS_GISDATA.OWS.WATERSHEDS\OWS_GISDATA.OWS.Sub_Watersheds2,Unique_ID,-1,-1;Shape_area 'Shape_area' false false true 0 Double 0 0 ,First,#,Database Connections\Watersheds.sde\OWS_GISDATA.OWS.WATERSHEDS\OWS_GISDATA.OWS.Sub_Watersheds2,Shape.area,-1,-1;Shape_len 'Shape_len' false false true 0 Double 0 0 ,First,#,Database Connections\Watersheds.sde\OWS_GISDATA.OWS.WATERSHEDS\OWS_GISDATA.OWS.Sub_Watersheds2,Shape.len,-1,-1" # F:\Backups.mdb\Sub_watersheds2</Process><Process ToolSource="C:\Program Files\ArcGIS\ArcToolbox\Toolboxes\Conversion Tools.tbx\FeatureClassToFeatureClass" Date="20100811" Time="140949" Name="" export="">FeatureClassToFeatureClass F:\Backups.mdb\Sub_watersheds2 "Database Connections\Watersheds.sde\OWS_GISDATA.OWS.WATERSHEDS" Sub_watersheds # "COUNTYNAME 'COUNTYNAME' true true false 30 Text 0 0 ,First,#,F:\Backups.mdb\Sub_watersheds2,COUNTYNAME,-1,-1;MUNINAME 'MUNINAME' true true false 50 Text 0 0 ,First,#,F:\Backups.mdb\Sub_watersheds2,MUNINAME,-1,-1;WATERSHED 'WATERSHED' true true false 50 Text 0 0 ,First,#,F:\Backups.mdb\Sub_watersheds2,WATERSHED,-1,-1;SUBWATERSH 'SUBWATERSH' true true false 40 Text 0 0 ,First,#,F:\Backups.mdb\Sub_watersheds2,SUBWATERSH,-1,-1;CREEK 'CREEK' true true false 35 Text 0 0 ,First,#,F:\Backups.mdb\Sub_watersheds2,CREEK,-1,-1;SHED_NAME 'SHED_NAME' true true false 35 Text 0 0 ,First,#,F:\Backups.mdb\Sub_watersheds2,SHED_NAME,-1,-1;OUTFALL_1 'OUTFALL' true true false 25 Text 0 0 ,First,#,F:\Backups.mdb\Sub_watersheds2,OUTFALL_1,-1,-1;SURVEY_PNT 'SURVEY_PNT' true true false 15 Text 0 0 ,First,#,F:\Backups.mdb\Sub_watersheds2,SURVEY_PNT,-1,-1;SEWTYPE 'SEWTYPE' true true false 3 Text 0 0 ,First,#,F:\Backups.mdb\Sub_watersheds2,SEWTYPE,-1,-1;MODELID 'MODELID' true true false 2 Short 0 0 ,First,#,F:\Backups.mdb\Sub_watersheds2,MODELID,-1,-1;MODIDNAME 'MODIDNAME' true true false 125 Text 0 0 ,First,#,F:\Backups.mdb\Sub_watersheds2,MODIDNAME,-1,-1;OUTLET 'OUTLET' true true false 16 Text 0 0 ,First,#,F:\Backups.mdb\Sub_watersheds2,OUTLET,-1,-1;Checked_By 'Checked_By' true true false 2 Short 0 0 ,First,#,F:\Backups.mdb\Sub_watersheds2,Checked_By,-1,-1;MON_ID 'MON_ID' true true false 10 Text 0 0 ,First,#,F:\Backups.mdb\Sub_watersheds2,MON_ID,-1,-1;Sq_Miles 'Sq_Miles' true true false 8 Double 0 0 ,First,#,F:\Backups.mdb\Sub_watersheds2,Sq_Miles,-1,-1;Unique_ID 'Unique_ID' true true false 10 Text 0 0 ,First,#,F:\Backups.mdb\Sub_watersheds2,Unique_ID,-1,-1;Shape_Length 'Shape_Length' false true true 8 Double 0 0 ,First,#,F:\Backups.mdb\Sub_watersheds2,Shape_Length,-1,-1;Shape_Area 'Shape_Area' false true true 8 Double 0 0 ,First,#,F:\Backups.mdb\Sub_watersheds2,Shape_Area,-1,-1" # "Database Connections\Watersheds.sde\OWS_GISDATA.OWS.WATERSHEDS\OWS_GISDATA.OWS.Sub_watersheds"</Process><Process ToolSource="C:\Program Files\ArcGIS\ArcToolbox\Toolboxes\Data Management Tools.tbx\Dissolve" Date="20100830" Time="141047" Name="" export="">Dissolve "Database Connections\Watersheds.sde\OWS_GISDATA.OWS.WATERSHEDS\OWS_GISDATA.OWS.Sub_watersheds" "Q:\Annual Reports\10_Annual Report\GIS\AnnualReport_PWD_2010.mdb\Major_Watersheds_2010" WATERSHED # SINGLE_PART DISSOLVE_LINES</Process><Process ToolSource="c:\program files (x86)\arcgis\desktop10.0\ArcToolbox\Toolboxes\Analysis Tools.tbx\Clip" Date="20120525" Time="141508" Name="" export="">Clip OWS_GISDATA.OWS.Philadelphia_Major_Watersheds "Philadelphia City Limits" "Database Connections\OWS.sde\OWS_GISDATA.OWS.Philadelphia_only_Major_Watersheds" #</Process><Process ToolSource="c:\program files (x86)\arcgis\desktop10.0\ArcToolbox\Toolboxes\Conversion Tools.tbx\FeatureClassToFeatureClass" Date="20120712" Time="111559" Name="" export="">FeatureClassToFeatureClass "Database Connections\OWS OWS_GISDATA.sde\OWS_GISDATA.OWS.Philadelphia_only_Major_Watersheds" "Database Connections\OWS_GEODB2.sde" Major_Watersheds_Phila # "WATERSHED "WATERSHED" true true false 50 Text 0 0 ,First,#,Database Connections\OWS OWS_GISDATA.sde\OWS_GISDATA.OWS.Philadelphia_only_Major_Watersheds,WATERSHED,-1,-1;Watershed_Name "Watershed_Name" true true false 50 Text 0 0 ,First,#,Database Connections\OWS OWS_GISDATA.sde\OWS_GISDATA.OWS.Philadelphia_only_Major_Watersheds,Watershed_Name,-1,-1;Sq_Miles "Sq_Miles" true true false 8 Double 8 38 ,First,#,Database Connections\OWS OWS_GISDATA.sde\OWS_GISDATA.OWS.Philadelphia_only_Major_Watersheds,Sq_Miles,-1,-1;Acres "Acres" true true false 8 Double 8 38 ,First,#,Database Connections\OWS OWS_GISDATA.sde\OWS_GISDATA.OWS.Philadelphia_only_Major_Watersheds,Acres,-1,-1;Shape_area "Shape_area" false false true 0 Double 0 0 ,First,#,Database Connections\OWS OWS_GISDATA.sde\OWS_GISDATA.OWS.Philadelphia_only_Major_Watersheds,Shape.area,-1,-1;Shape_len "Shape_len" false false true 0 Double 0 0 ,First,#,Database Connections\OWS OWS_GISDATA.sde\OWS_GISDATA.OWS.Philadelphia_only_Major_Watersheds,Shape.len,-1,-1" #</Process><Process ToolSource="C:\Program Files (x86)\ArcGIS\Desktop10.0\ArcToolbox\Toolboxes\Data Management Tools.tbx\ChangePrivileges" Date="20120712" Time="143848" Name="" export="">ChangePrivileges 'Database Connections\OWS_GEODB2.sde\GIS_PWD_OWS.Major_Watersheds_Phila' gis_sde_viewer GRANT #</Process><Process ToolSource="c:\program files (x86)\arcgis\desktop10.0\ArcToolbox\Toolboxes\Conversion Tools.tbx\FeatureClassToFeatureClass" Date="20120926" Time="112033" Name="" export="">FeatureClassToFeatureClass "Database Connections\GEODB2_OWS.sde\GIS_PWD_OWS.Major_Watersheds_Phila" "Database Connections\watersheds_geodb2.sde" Major_Watersheds_Phila # "WATERSHED "WATERSHED" true true false 50 Text 0 0 ,First,#,Database Connections\GEODB2_OWS.sde\GIS_PWD_OWS.Major_Watersheds_Phila,WATERSHED,-1,-1;WATERSHED_NAME "WATERSHED_NAME" true true false 50 Text 0 0 ,First,#,Database Connections\GEODB2_OWS.sde\GIS_PWD_OWS.Major_Watersheds_Phila,WATERSHED_NAME,-1,-1;SQ_MILES "SQ_MILES" true true false 8 Double 8 38 ,First,#,Database Connections\GEODB2_OWS.sde\GIS_PWD_OWS.Major_Watersheds_Phila,SQ_MILES,-1,-1;ACRES "ACRES" true true false 8 Double 8 38 ,First,#,Database Connections\GEODB2_OWS.sde\GIS_PWD_OWS.Major_Watersheds_Phila,ACRES,-1,-1;SHAPE_AREA "SHAPE_AREA" false false true 0 Double 0 0 ,First,#,Database Connections\GEODB2_OWS.sde\GIS_PWD_OWS.Major_Watersheds_Phila,SHAPE.AREA,-1,-1;SHAPE_LEN "SHAPE_LEN" false false true 0 Double 0 0 ,First,#,Database Connections\GEODB2_OWS.sde\GIS_PWD_OWS.Major_Watersheds_Phila,SHAPE.LEN,-1,-1" #</Process><Process ToolSource="C:\Program Files (x86)\ArcGIS\Desktop10.0\ArcToolbox\Toolboxes\Data Management Tools.tbx\ChangePrivileges" Date="20120928" Time="095330">ChangePrivileges 'Database Connections\watersheds_geodb2.sde\GIS_WATERSHEDS.Major_Watersheds_Phila' gis_sde_viewer GRANT AS_IS</Process><Process ToolSource="c:\program files\arcgis\desktop10.1\ArcToolbox\Toolboxes\Data Management Tools.tbx\CopyFeatures" Date="20140305" Time="111856">CopyFeatures temp_layer C:\GITHUB_Exports\shapefile\temp\Major_Watersheds_Phila.shp # 0 0 0</Process><Process ToolSource="c:\program files\arcgis\desktop10.1\ArcToolbox\Toolboxes\Data Management Tools.tbx\Project" Date="20140305" Time="111857">Project C:\GITHUB_Exports\shapefile\temp\Major_Watersheds_Phila.shp C:\GITHUB_Exports\shapefile\Major_Watersheds_Phila.shp GEOGCS['GCS_WGS_1984',DATUM['D_WGS_1984',SPHEROID['WGS_1984',6378137.0,298.257223563]],PRIMEM['Greenwich',0.0],UNIT['Degree',0.0174532925199433],METADATA['World',-180.0,-90.0,180.0,90.0,0.0,0.0174532925199433,0.0,1262]] WGS_1984_(ITRF00)_To_NAD_1983 PROJCS['NAD_1983_StatePlane_Pennsylvania_South_FIPS_3702_Feet',GEOGCS['GCS_North_American_1983',DATUM['D_North_American_1983',SPHEROID['GRS_1980',6378137.0,298.257222101]],PRIMEM['Greenwich',0.0],UNIT['Degree',0.0174532925199433]],PROJECTION['Lambert_Conformal_Conic'],PARAMETER['False_Easting',1968500.0],PARAMETER['False_Northing',0.0],PARAMETER['Central_Meridian',-77.75],PARAMETER['Standard_Parallel_1',39.93333333333333],PARAMETER['Standard_Parallel_2',40.96666666666667],PARAMETER['Latitude_Of_Origin',39.33333333333334],UNIT['Foot_US',0.3048006096012192]]</Process></lineage><itemProps><itemName Sync="TRUE">Major_Watersheds_Phila</itemName><itemLocation><linkage Sync="TRUE">file://\\28-ARAMMCCAR01\C$\GITHUB_Exports\shapefile\temp\Major_Watersheds_Phila.shp</linkage><protocol Sync="TRUE">Local Area Network</protocol></itemLocation><imsContentType Sync="TRUE">002</imsContentType><nativeExtBox><westBL Sync="TRUE">2660574.996682</westBL><eastBL Sync="TRUE">2750112.778892</eastBL><southBL Sync="TRUE">206248.212756</southBL><northBL Sync="TRUE">304942.427769</northBL><exTypeCode Sync="TRUE">1</exTypeCode></nativeExtBox><itemSize Sync="TRUE">0.000</itemSize></itemProps><coordRef><type Sync="TRUE">Projected</type><geogcsn Sync="TRUE">GCS_North_American_1983</geogcsn><csUnits Sync="TRUE">Linear Unit: Foot_US (0.304801)</csUnits><projcsn Sync="TRUE">NAD_1983_StatePlane_Pennsylvania_South_FIPS_3702_Feet</projcsn><peXml Sync="TRUE">&lt;ProjectedCoordinateSystem xsi:type='typens:ProjectedCoordinateSystem' xmlns:xsi='http://www.w3.org/2001/XMLSchema-instance' xmlns:xs='http://www.w3.org/2001/XMLSchema' xmlns:typens='http://www.esri.com/schemas/ArcGIS/10.1'&gt;&lt;WKT&gt;PROJCS[&amp;quot;NAD_1983_StatePlane_Pennsylvania_South_FIPS_3702_Feet&amp;quot;,GEOGCS[&amp;quot;GCS_North_American_1983&amp;quot;,DATUM[&amp;quot;D_North_American_1983&amp;quot;,SPHEROID[&amp;quot;GRS_1980&amp;quot;,6378137.0,298.257222101]],PRIMEM[&amp;quot;Greenwich&amp;quot;,0.0],UNIT[&amp;quot;Degree&amp;quot;,0.0174532925199433]],PROJECTION[&amp;quot;Lambert_Conformal_Conic&amp;quot;],PARAMETER[&amp;quot;False_Easting&amp;quot;,1968500.0],PARAMETER[&amp;quot;False_Northing&amp;quot;,0.0],PARAMETER[&amp;quot;Central_Meridian&amp;quot;,-77.75],PARAMETER[&amp;quot;Standard_Parallel_1&amp;quot;,39.93333333333333],PARAMETER[&amp;quot;Standard_Parallel_2&amp;quot;,40.96666666666667],PARAMETER[&amp;quot;Latitude_Of_Origin&amp;quot;,39.33333333333334],UNIT[&amp;quot;Foot_US&amp;quot;,0.3048006096012192],AUTHORITY[&amp;quot;EPSG&amp;quot;,2272]]&lt;/WKT&gt;&lt;XOrigin&gt;-119214200&lt;/XOrigin&gt;&lt;YOrigin&gt;-96198500&lt;/YOrigin&gt;&lt;XYScale&gt;37163717.489134133&lt;/XYScale&gt;&lt;ZOrigin&gt;-100000&lt;/ZOrigin&gt;&lt;ZScale&gt;10000&lt;/ZScale&gt;&lt;MOrigin&gt;-100000&lt;/MOrigin&gt;&lt;MScale&gt;10000&lt;/MScale&gt;&lt;XYTolerance&gt;0.0032808333333333331&lt;/XYTolerance&gt;&lt;ZTolerance&gt;0.001&lt;/ZTolerance&gt;&lt;MTolerance&gt;0.001&lt;/MTolerance&gt;&lt;HighPrecision&gt;true&lt;/HighPrecision&gt;&lt;WKID&gt;102729&lt;/WKID&gt;&lt;LatestWKID&gt;2272&lt;/LatestWKID&gt;&lt;/ProjectedCoordinateSystem&gt;</peXml></coordRef></DataProperties><ArcGISFormat>1.0</ArcGISFormat><ArcGISProfile>ItemDescription</ArcGISProfile></Esri><dataIdInfo><idCitation><resTitle Sync="FALSE">Philadelphia Major Watersheds</resTitle><presForm><PresFormCd value="005" Sync="TRUE"/></presForm></idCitation><idPurp>Major Watersheds in the Philadelphia Area</idPurp><searchKeys><keyword>Watersheds</keyword><keyword>Cobbs Creek</keyword><keyword>Darby Creek</keyword><keyword>Delaware River</keyword><keyword>Pennypack Creek</keyword><keyword>Poquessing Creek</keyword><keyword>Schuylkill River</keyword><keyword>Tacony Creek</keyword><keyword>Wissahickon Creek</keyword></searchKeys><envirDesc Sync="TRUE">Microsoft Windows 7 Version 6.1 (Build 7601) Service Pack 1; Esri ArcGIS 10.1.1.3300</envirDesc><dataLang><languageCode value="eng" Sync="TRUE"/><countryCode value="USA" Sync="TRUE"/></dataLang><spatRpType><SpatRepTypCd value="001" Sync="TRUE"/></spatRpType><dataExt><geoEle><GeoBndBox esriExtentType="search"><exTypeCode Sync="TRUE">1</exTypeCode><westBL Sync="TRUE">-75.284009</westBL><eastBL Sync="TRUE">-74.954039</eastBL><northBL Sync="TRUE">40.143797</northBL><southBL Sync="TRUE">39.865670</southBL></GeoBndBox></geoEle></dataExt><idAbs>&lt;DIV STYLE="text-align:Left;"&gt;&lt;DIV&gt;&lt;DIV&gt;&lt;P STYLE="font-weight:bold;margin:0 0 0 0;"&gt;&lt;SPAN&gt;&lt;SPAN&gt;Abstract&lt;/SPAN&gt;&lt;/SPAN&gt;&lt;/P&gt;&lt;P STYLE="margin:0 0 0 0;"&gt;&lt;SPAN&gt;Polygon feature class represtenting major watersheds in Philadelphia.&lt;/SPAN&gt;&lt;/P&gt;&lt;P STYLE="margin:0 0 0 0;"&gt;&lt;SPAN /&gt;&lt;/P&gt;&lt;P STYLE="font-weight:bold;margin:0 0 0 0;"&gt;&lt;SPAN&gt;&lt;SPAN&gt;Data Development&lt;/SPAN&gt;&lt;/SPAN&gt;&lt;/P&gt;&lt;P STYLE="margin:0 0 0 0;"&gt;&lt;SPAN&gt;Data was developed originally from either USGS and the 2004 Sanborn DEM (digital elevation model) using ArcHydro watershed extraction tools. Major Watersheds are dissolved from subshed boundaries which reflect surface flow in relationship to stormwater inlets and outfalls.&lt;/SPAN&gt;&lt;/P&gt;&lt;P STYLE="margin:0 0 0 0;"&gt;&lt;SPAN /&gt;&lt;/P&gt;&lt;P STYLE="margin:0 0 0 0;"&gt;&lt;SPAN STYLE="font-weight:bold;"&gt;Coordinate system&lt;/SPAN&gt;&lt;/P&gt;&lt;P STYLE="margin:0 0 0 0;"&gt;&lt;SPAN&gt;&lt;SPAN&gt;NAD_1983_StatePlane_Pennsylvania_South_FIPS_3702_Feet&lt;/SPAN&gt;&lt;/SPAN&gt;&lt;/P&gt;&lt;P STYLE="margin:0 0 0 0;"&gt;&lt;SPAN&gt;&lt;SPAN&gt;Projection: Lambert_Conformal_Conic&lt;/SPAN&gt;&lt;/SPAN&gt;&lt;/P&gt;&lt;P STYLE="margin:0 0 0 0;"&gt;&lt;SPAN&gt;&lt;SPAN&gt;False_Easting: 1968500.000000&lt;/SPAN&gt;&lt;/SPAN&gt;&lt;/P&gt;&lt;P STYLE="margin:0 0 0 0;"&gt;&lt;SPAN&gt;&lt;SPAN&gt;False_Northing: 0.000000&lt;/SPAN&gt;&lt;/SPAN&gt;&lt;/P&gt;&lt;P STYLE="margin:0 0 0 0;"&gt;&lt;SPAN&gt;&lt;SPAN&gt;Central_Meridian: -77.750000&lt;/SPAN&gt;&lt;/SPAN&gt;&lt;/P&gt;&lt;P STYLE="margin:0 0 0 0;"&gt;&lt;SPAN&gt;&lt;SPAN&gt;Standard_Parallel_1: 39.933333&lt;/SPAN&gt;&lt;/SPAN&gt;&lt;/P&gt;&lt;P STYLE="margin:0 0 0 0;"&gt;&lt;SPAN&gt;&lt;SPAN&gt;Standard_Parallel_2: 40.966667&lt;/SPAN&gt;&lt;/SPAN&gt;&lt;/P&gt;&lt;P STYLE="margin:0 0 0 0;"&gt;&lt;SPAN&gt;&lt;SPAN&gt;Latitude_Of_Origin: 39.333333&lt;/SPAN&gt;&lt;/SPAN&gt;&lt;/P&gt;&lt;P STYLE="margin:0 0 0 0;"&gt;&lt;SPAN&gt;Linear Unit: Foot_US (0.304801)&lt;/SPAN&gt;&lt;/P&gt;&lt;P STYLE="margin:0 0 0 0;"&gt;&lt;SPAN /&gt;&lt;/P&gt;&lt;P STYLE="margin:0 0 0 0;"&gt;&lt;SPAN&gt;&lt;SPAN&gt;Geographic Coordinate System: GCS_North_American_1983&lt;/SPAN&gt;&lt;/SPAN&gt;&lt;/P&gt;&lt;P STYLE="margin:0 0 0 0;"&gt;&lt;SPAN&gt;&lt;SPAN&gt;Angular Unit: Degree (0.017453292519943299)&lt;/SPAN&gt;&lt;/SPAN&gt;&lt;/P&gt;&lt;P STYLE="margin:0 0 0 0;"&gt;&lt;SPAN&gt;&lt;SPAN&gt;Prime Meridian: Greenwich (0.000000000000000000)&lt;/SPAN&gt;&lt;/SPAN&gt;&lt;/P&gt;&lt;P STYLE="margin:0 0 0 0;"&gt;&lt;SPAN&gt;&lt;SPAN&gt;Datum: D_North_American_1983&lt;/SPAN&gt;&lt;/SPAN&gt;&lt;/P&gt;&lt;P STYLE="margin:0 0 0 0;"&gt;&lt;SPAN&gt;&lt;SPAN&gt;Spheroid: GRS_1980&lt;/SPAN&gt;&lt;/SPAN&gt;&lt;/P&gt;&lt;P STYLE="margin:0 0 0 0;"&gt;&lt;SPAN&gt;&lt;SPAN&gt;Semimajor Axis: 6378137.000000000000000000&lt;/SPAN&gt;&lt;/SPAN&gt;&lt;/P&gt;&lt;P STYLE="margin:0 0 0 0;"&gt;&lt;SPAN&gt;&lt;SPAN&gt;Semiminor Axis: 6356752.314140356100000000&lt;/SPAN&gt;&lt;/SPAN&gt;&lt;/P&gt;&lt;P STYLE="margin:0 0 0 0;"&gt;&lt;SPAN&gt;Inverse Flattening: 298.257222101000020000&lt;/SPAN&gt;&lt;/P&gt;&lt;P STYLE="margin:0 0 0 0;"&gt;&lt;SPAN /&gt;&lt;/P&gt;&lt;P STYLE="margin:0 0 0 0;"&gt;&lt;SPAN STYLE="font-weight:bold;"&gt;Thematic mapping &lt;/SPAN&gt;&lt;/P&gt;&lt;P STYLE="margin:0 0 0 0;"&gt;&lt;SPAN&gt;Use this layer or regional layer.&lt;/SPAN&gt;&lt;/P&gt;&lt;P STYLE="margin:0 0 0 0;"&gt;&lt;SPAN /&gt;&lt;/P&gt;&lt;P STYLE="margin:0 0 0 0;"&gt;&lt;SPAN STYLE="font-weight:bold;"&gt;Other Information&lt;/SPAN&gt;&lt;/P&gt;&lt;P STYLE="margin:0 0 0 0;"&gt;&lt;SPAN&gt;Feel free to contact me with any questions or to point out errors.&lt;/SPAN&gt;&lt;/P&gt;&lt;/DIV&gt;&lt;/DIV&gt;&lt;/DIV&gt;</idAbs><idCredit>Philadelphia Water Department, Office of Watersheds
1101 Market St. 4th Fl. Philadelphia PA, 19107
215-685-6246
maryellen.mccarty@phila.gov
</idCredit><resConst><Consts><useLimit>&lt;DIV STYLE="text-align:Left;"&gt;&lt;DIV&gt;&lt;DIV&gt;&lt;P STYLE="margin:0 0 0 0;"&gt;&lt;SPAN&gt;The City of Philadelphia makes no representation about the accuracy of any specific information in this GIS data and is provided “as is” and without Warranty of any kind. The user of this data will assume complete responsibility for any and all occurrences resulting from its use or display and will hold the City of Philadelphia harmless from any and all claims, demands, liabilities, obligations, damages, suits, judgments or settlements, including reasonable costs and attorneys' fees, that arise from use of this data.&lt;/SPAN&gt;&lt;/P&gt;&lt;/DIV&gt;&lt;/DIV&gt;&lt;/DIV&gt;</useLimit></Consts></resConst></dataIdInfo><eainfo><detailed Name="Major_Watersheds_Phila"><enttyp><enttypl Sync="TRUE">Major_Watersheds_Phila</enttypl><enttypt Sync="TRUE">Feature Class</enttypt><enttypc Sync="TRUE">0</enttypc></enttyp><attr><attrlabl Sync="TRUE">FID</attrlabl><attalias Sync="TRUE">FID</attalias><attrtype Sync="TRUE">OID</attrtype><attwidth Sync="TRUE">4</attwidth><atprecis Sync="TRUE">0</atprecis><attscale Sync="TRUE">0</attscale><attrdef Sync="TRUE">Internal feature number.</attrdef><attrdefs Sync="TRUE">Esri</attrdefs><attrdomv><udom Sync="TRUE">Sequential unique whole numbers that are automatically generated.</udom></attrdomv></attr><attr><attrlabl Sync="TRUE">Shape</attrlabl><attalias Sync="TRUE">Shape</attalias><attrtype Sync="TRUE">Geometry</attrtype><attwidth Sync="TRUE">0</attwidth><atprecis Sync="TRUE">0</atprecis><attscale Sync="TRUE">0</attscale><attrdef Sync="TRUE">Feature geometry.</attrdef><attrdefs Sync="TRUE">ESRI</attrdefs><attrdomv><udom Sync="TRUE">Coordinates defining the features.</udom></attrdomv></attr><attr><attrlabl Sync="TRUE">WATERSHED</attrlabl><attalias Sync="TRUE">WATERSHED</attalias><attrtype Sync="TRUE">String</attrtype><attwidth Sync="TRUE">50</attwidth><atprecis Sync="TRUE">0</atprecis><attscale Sync="TRUE">0</attscale></attr><attr><attrlabl Sync="TRUE">SHED_NAME</attrlabl><attalias Sync="TRUE">SHED_NAME</attalias><attrtype Sync="TRUE">String</attrtype><attwidth Sync="TRUE">50</attwidth><atprecis Sync="TRUE">0</atprecis><attscale Sync="TRUE">0</attscale></attr><attr><attrlabl Sync="TRUE">SQ_MILES</attrlabl><attalias Sync="TRUE">SQ_MILES</attalias><attrtype Sync="TRUE">Double</attrtype><attwidth Sync="TRUE">19</attwidth><atprecis Sync="TRUE">18</atprecis><attscale Sync="TRUE">8</attscale></attr><attr><attrlabl Sync="TRUE">ACRES</attrlabl><attalias Sync="TRUE">ACRES</attalias><attrtype Sync="TRUE">Double</attrtype><attwidth Sync="TRUE">19</attwidth><atprecis Sync="TRUE">18</atprecis><attscale Sync="TRUE">8</attscale></attr><attr><attrlabl Sync="TRUE">SHAPE_AREA</attrlabl><attalias Sync="TRUE">SHAPE_AREA</attalias><attrtype Sync="TRUE">Double</attrtype><attwidth Sync="TRUE">19</attwidth><atprecis Sync="TRUE">0</atprecis><attscale Sync="TRUE">0</attscale><attrdef Sync="TRUE">Area of feature in internal units squared.</attrdef><attrdefs Sync="TRUE">Esri</attrdefs><attrdomv><udom Sync="TRUE">Positive real numbers that are automatically generated.</udom></attrdomv></attr><attr><attrlabl Sync="TRUE">SHAPE_LEN</attrlabl><attalias Sync="TRUE">SHAPE_LEN</attalias><attrtype Sync="TRUE">Double</attrtype><attwidth Sync="TRUE">19</attwidth><atprecis Sync="TRUE">0</atprecis><attscale Sync="TRUE">0</attscale></attr></detailed></eainfo><mdLang><languageCode value="eng" Sync="TRUE"/><countryCode value="USA" Sync="TRUE"/></mdLang><distInfo><distFormat><formatName Sync="TRUE">Shapefile</formatName></distFormat><distTranOps><transSize Sync="TRUE">0.000</transSize></distTranOps></distInfo><mdHrLv><ScopeCd value="005" Sync="TRUE"/></mdHrLv><mdHrLvName Sync="TRUE">dataset</mdHrLvName><refSysInfo><RefSystem><refSysID><identCode code="2272" Sync="TRUE" value="2272"/><idCodeSpace Sync="TRUE">EPSG</idCodeSpace><idVersion Sync="TRUE">7.11.2</idVersion></refSysID></RefSystem></refSysInfo><spatRepInfo><VectSpatRep><geometObjs Name="Major_Watersheds_Phila"><geoObjTyp><GeoObjTypCd value="002" Sync="TRUE"></GeoObjTypCd></geoObjTyp><geoObjCnt Sync="TRUE">0</geoObjCnt></geometObjs><topLvl><TopoLevCd value="001" Sync="TRUE"></TopoLevCd></topLvl></VectSpatRep></spatRepInfo><spdoinfo><ptvctinf><esriterm Name="Major_Watersheds_Phila"><efeatyp Sync="TRUE">Simple</efeatyp><efeageom code="4" Sync="TRUE"></efeageom><esritopo Sync="TRUE">FALSE</esritopo><efeacnt Sync="TRUE">0</efeacnt><spindex Sync="TRUE">FALSE</spindex><linrefer Sync="TRUE">FALSE</linrefer></esriterm></ptvctinf></spdoinfo><mdDateSt Sync="TRUE">20140305</mdDateSt></metadata>
