<?xml version="1.0" encoding="UTF-8"?>
<metadata xml:lang="en"><Esri><CreaDate>20140325</CreaDate><CreaTime>14033900</CreaTime><ArcGISFormat>1.0</ArcGISFormat><SyncOnce>FALSE</SyncOnce><ModDate>20140325</ModDate><ModTime>14033400</ModTime><ArcGISProfile>ItemDescription</ArcGISProfile><DataProperties><lineage><Process ToolSource="C:\Program Files (x86)\ArcGIS\Desktop10.0\ArcToolbox\Toolboxes\Data Management Tools.tbx\ChangePrivileges" Date="20120928" Time="095249" Name="" export="">ChangePrivileges 'Database Connections\watersheds_geodb2.sde\GIS_WATERSHEDS.Green_StWater_Infrastructure' gis_sde_viewer GRANT AS_IS</Process><Process ToolSource="c:\program files (x86)\arcgis\desktop10.0\ArcToolbox\Toolboxes\Data Management Tools.tbx\DeleteFeatures" Date="20121119" Time="130823" Name="" export="">DeleteFeatures "Database Connections\GEODB2_watersheds.sde\GIS_WATERSHEDS.Green_StWater_Infrastructure"</Process><Process ToolSource="C:\Program Files\ArcGIS\Desktop10.0\ArcToolbox\Toolboxes\Data Management Tools.tbx\CalculateField" Date="20121123" Time="152443" Name="" export="">CalculateField Green_StWater_Infrastructure_112312_edit LINK_1 "http://www.phillywatersheds.org/what_were_doing/" VB #</Process><Process ToolSource="C:\Program Files\ArcGIS\Desktop10.0\ArcToolbox\Toolboxes\Data Management Tools.tbx\CalculateField" Date="20121123" Time="152649" Name="" export="">CalculateField Green_StWater_Infrastructure_112312_edit LINK "http://www.phillywatersheds.org/what_were_doing/green_infrastructure/projects/liberty_lands" VB #</Process><Process ToolSource="C:\Program Files\ArcGIS\Desktop10.0\ArcToolbox\Toolboxes\Data Management Tools.tbx\CalculateField" Date="20121123" Time="153247" Name="" export="">CalculateField Green_StWater_Infrastructure_112312_edit LINK_2 "green_infrastructure/tools" VB #</Process><Process ToolSource="C:\Program Files\ArcGIS\Desktop10.0\ArcToolbox\Toolboxes\Data Management Tools.tbx\CalculateField" Date="20121123" Time="153322" Name="" export="">CalculateField Green_StWater_Infrastructure_112312_edit LINK_2 "green_infrastructure/tools/infiltration_storage_trench" VB #</Process><Process ToolSource="C:\Program Files\ArcGIS\Desktop10.0\ArcToolbox\Toolboxes\Data Management Tools.tbx\CalculateField" Date="20121123" Time="153348" Name="" export="">CalculateField Green_StWater_Infrastructure_112312_edit LINK_2 "green_infrastructure/tools/porous_paving" VB #</Process><Process ToolSource="C:\Program Files\ArcGIS\Desktop10.0\ArcToolbox\Toolboxes\Data Management Tools.tbx\CalculateField" Date="20121123" Time="153420" Name="" export="">CalculateField Green_StWater_Infrastructure_112312_edit LINK_2 "green_infrastructure/tools/rain_garden" VB #</Process><Process ToolSource="C:\Program Files\ArcGIS\Desktop10.0\ArcToolbox\Toolboxes\Data Management Tools.tbx\CalculateField" Date="20121123" Time="153448" Name="" export="">CalculateField Green_StWater_Infrastructure_112312_edit LINK_2 "green_infrastructure/tools/stormwater-planter" VB #</Process><Process ToolSource="C:\Program Files\ArcGIS\Desktop10.0\ArcToolbox\Toolboxes\Data Management Tools.tbx\CalculateField" Date="20121123" Time="153509" Name="" export="">CalculateField Green_StWater_Infrastructure_112312_edit LINK_2 "green_infrastructure/tools/stormwater_basin" VB #</Process><Process ToolSource="C:\Program Files\ArcGIS\Desktop10.0\ArcToolbox\Toolboxes\Data Management Tools.tbx\CalculateField" Date="20121123" Time="153533" Name="" export="">CalculateField Green_StWater_Infrastructure_112312_edit LINK_2 "green_infrastructure/tools/stormwater_bumpout" VB #</Process><Process ToolSource="C:\Program Files\ArcGIS\Desktop10.0\ArcToolbox\Toolboxes\Data Management Tools.tbx\CalculateField" Date="20121123" Time="153604" Name="" export="">CalculateField Green_StWater_Infrastructure_112312_edit LINK_2 "green_infrastructure/tools/stormwater_tree_trench" VB #</Process><Process ToolSource="c:\program files (x86)\arcgis\desktop10.0\ArcToolbox\Toolboxes\Conversion Tools.tbx\FeatureClassToFeatureClass" Date="20121127" Time="103455" Name="" export="">FeatureClassToFeatureClass \\Pwdoows1\gis\Shapefiles\Outreach\OutreachMasterMap\OutreachMasterMap.gdb\Green_StWater_Infrastructure_112312_edit "Database Connections\GEODB2_watersheds.sde" Green_StWater_Infra_rev # "NAME "Name" true true false 80 Text 0 0 ,First,#,\\Pwdoows1\gis\Shapefiles\Outreach\OutreachMasterMap\OutreachMasterMap.gdb\Green_StWater_Infrastructure_112312_edit,NAME,-1,-1;STATUS "Project_Status" true true false 50 Text 0 0 ,First,#,\\Pwdoows1\gis\Shapefiles\Outreach\OutreachMasterMap\OutreachMasterMap.gdb\Green_StWater_Infrastructure_112312_edit,STATUS,-1,-1;WATERSHED "Watershed" true true false 50 Text 0 0 ,First,#,\\Pwdoows1\gis\Shapefiles\Outreach\OutreachMasterMap\OutreachMasterMap.gdb\Green_StWater_Infrastructure_112312_edit,WATERSHED,-1,-1;COUNCIL_DISTTICT "City Council District" true true false 5 Text 0 0 ,First,#,\\Pwdoows1\gis\Shapefiles\Outreach\OutreachMasterMap\OutreachMasterMap.gdb\Green_StWater_Infrastructure_112312_edit,COUNCIL_DISTTICT,-1,-1;PRIMARY_FEATURE "Primary Feature" true true false 50 Text 0 0 ,First,#,\\Pwdoows1\gis\Shapefiles\Outreach\OutreachMasterMap\OutreachMasterMap.gdb\Green_StWater_Infrastructure_112312_edit,PRIMARY_FEATURE,-1,-1;SW_TREE_TRENCH "Stormwater Tree Trench" true true false 50 Text 0 0 ,First,#,\\Pwdoows1\gis\Shapefiles\Outreach\OutreachMasterMap\OutreachMasterMap.gdb\Green_StWater_Infrastructure_112312_edit,SW_TREE_TRENCH,-1,-1;SW_PLANTER "Stormwater Planter" true true false 50 Text 0 0 ,First,#,\\Pwdoows1\gis\Shapefiles\Outreach\OutreachMasterMap\OutreachMasterMap.gdb\Green_StWater_Infrastructure_112312_edit,SW_PLANTER,-1,-1;SW_BUMPOUT "Stormwater Bumpout" true true false 50 Text 0 0 ,First,#,\\Pwdoows1\gis\Shapefiles\Outreach\OutreachMasterMap\OutreachMasterMap.gdb\Green_StWater_Infrastructure_112312_edit,SW_BUMPOUT,-1,-1;RAIN_GARDEN "Rain_Garden" true true false 50 Text 0 0 ,First,#,\\Pwdoows1\gis\Shapefiles\Outreach\OutreachMasterMap\OutreachMasterMap.gdb\Green_StWater_Infrastructure_112312_edit,RAIN_GARDEN,-1,-1;SW_BASIN "Stormwater Basin" true true false 50 Text 0 0 ,First,#,\\Pwdoows1\gis\Shapefiles\Outreach\OutreachMasterMap\OutreachMasterMap.gdb\Green_StWater_Infrastructure_112312_edit,SW_BASIN,-1,-1;INFILTRATION_TRENCH "Infiltration Storage Trench" true true false 50 Text 0 0 ,First,#,\\Pwdoows1\gis\Shapefiles\Outreach\OutreachMasterMap\OutreachMasterMap.gdb\Green_StWater_Infrastructure_112312_edit,INFILTRATION_TRENCH,-1,-1;POROUS_PAVING "Porous Paving" true true false 50 Text 0 0 ,First,#,\\Pwdoows1\gis\Shapefiles\Outreach\OutreachMasterMap\OutreachMasterMap.gdb\Green_StWater_Infrastructure_112312_edit,POROUS_PAVING,-1,-1;SWALE "Swale" true true false 50 Text 0 0 ,First,#,\\Pwdoows1\gis\Shapefiles\Outreach\OutreachMasterMap\OutreachMasterMap.gdb\Green_StWater_Infrastructure_112312_edit,SWALE,-1,-1;SW_WETLAND "Stormwater Wetland" true true false 50 Text 0 0 ,First,#,\\Pwdoows1\gis\Shapefiles\Outreach\OutreachMasterMap\OutreachMasterMap.gdb\Green_StWater_Infrastructure_112312_edit,SW_WETLAND,-1,-1;CISTERN_RAIN_BARREL "Cistern" true true false 50 Text 0 0 ,First,#,\\Pwdoows1\gis\Shapefiles\Outreach\OutreachMasterMap\OutreachMasterMap.gdb\Green_StWater_Infrastructure_112312_edit,CISTERN_RAIN_BARREL,-1,-1;GREEN_ROOF "Green Roof" true true false 50 Text 0 0 ,First,#,\\Pwdoows1\gis\Shapefiles\Outreach\OutreachMasterMap\OutreachMasterMap.gdb\Green_StWater_Infrastructure_112312_edit,GREEN_ROOF,-1,-1;OTHER "Other Project" true true false 50 Text 0 0 ,First,#,\\Pwdoows1\gis\Shapefiles\Outreach\OutreachMasterMap\OutreachMasterMap.gdb\Green_StWater_Infrastructure_112312_edit,OTHER,-1,-1;LINK "LINK" true true false 255 Text 0 0 ,First,#,\\Pwdoows1\gis\Shapefiles\Outreach\OutreachMasterMap\OutreachMasterMap.gdb\Green_StWater_Infrastructure_112312_edit,LINK,-1,-1;LONGITUDE "LONGITUDE" true true false 8 Double 0 0 ,First,#,\\Pwdoows1\gis\Shapefiles\Outreach\OutreachMasterMap\OutreachMasterMap.gdb\Green_StWater_Infrastructure_112312_edit,LONGITUDE,-1,-1;LATITUDE "LATITUDE" true true false 8 Double 0 0 ,First,#,\\Pwdoows1\gis\Shapefiles\Outreach\OutreachMasterMap\OutreachMasterMap.gdb\Green_StWater_Infrastructure_112312_edit,LATITUDE,-1,-1;LINK_1 "LINK_1" true true false 100 Text 0 0 ,First,#,\\Pwdoows1\gis\Shapefiles\Outreach\OutreachMasterMap\OutreachMasterMap.gdb\Green_StWater_Infrastructure_112312_edit,LINK_1,-1,-1;LINK_2 "LINK_2" true true false 100 Text 0 0 ,First,#,\\Pwdoows1\gis\Shapefiles\Outreach\OutreachMasterMap\OutreachMasterMap.gdb\Green_StWater_Infrastructure_112312_edit,LINK_2,-1,-1" #</Process><Process ToolSource="C:\Program Files (x86)\ArcGIS\Desktop10.0\ArcToolbox\Toolboxes\Data Management Tools.tbx\ChangePrivileges" Date="20121127" Time="103735" Name="" export="">ChangePrivileges 'Database Connections\GEODB2_watersheds.sde\GIS_WATERSHEDS.Green_StWater_Infra_rev' GIS_GSG GRANT GRANT</Process><Process ToolSource="C:\Program Files (x86)\ArcGIS\Desktop10.0\ArcToolbox\Toolboxes\Data Management Tools.tbx\ChangePrivileges" Date="20121127" Time="112119" Name="" export="">ChangePrivileges 'Database Connections\GEODB2_watersheds.sde\GIS_WATERSHEDS.Green_StWater_Infrastructure' GIS_viewer GRANT #</Process><Process ToolSource="C:\Program Files (x86)\ArcGIS\Desktop10.0\ArcToolbox\Toolboxes\Data Management Tools.tbx\ChangePrivileges" Date="20121127" Time="112143" Name="" export="">ChangePrivileges 'Database Connections\GEODB2_watersheds.sde\GIS_WATERSHEDS.Green_StWater_Infrastructure' GIS_GSG GRANT GRANT</Process><Process ToolSource="C:\Program Files (x86)\ArcGIS\Desktop10.0\ArcToolbox\Toolboxes\Data Management Tools.tbx\ChangePrivileges" Date="20121127" Time="113453" Name="" export="">ChangePrivileges 'Database Connections\GEODB2_watersheds.sde\GIS_WATERSHEDS.Green_StWater_Infrastructure' gis_sde_viewer GRANT #</Process><Process ToolSource="c:\program files (x86)\arcgis\desktop10.0\ArcToolbox\Toolboxes\Data Management Tools.tbx\DeleteFeatures" Date="20121205" Time="112038" Name="" export="">DeleteFeatures "Database Connections\GEODB2_watersheds.sde\GIS_WATERSHEDS.Green_StWater_Infrastructure"</Process><Process ToolSource="C:\Program Files (x86)\ArcGIS\Desktop10.0\ArcToolbox\Toolboxes\Data Management Tools.tbx\CalculateField" Date="20121205" Time="113030" Name="" export="">CalculateField GIS_WATERSHEDS.Green_StWater_Infrastructure LINK_1 "http://www.phillywatersheds.org/what_were_doing/" VB #</Process><Process ToolSource="c:\program files (x86)\arcgis\desktop10.0\ArcToolbox\Toolboxes\Data Management Tools.tbx\DeleteFeatures" Date="20130125" Time="152732" Name="" export="">DeleteFeatures "Database Connections\GEODB2_watersheds.sde\GIS_WATERSHEDS.Green_StWater_Infrastructure"</Process><Process ToolSource="c:\program files (x86)\arcgis\desktop10.0\ArcToolbox\Toolboxes\Data Management Tools.tbx\CalculateField" Date="20130125" Time="153225" Name="" export="">CalculateField GIS_WATERSHEDS.Green_StWater_Infrastructure LINK "[LINK_1]+ [LINK_2]" VB #</Process><Process ToolSource="c:\program files (x86)\arcgis\desktop10.0\ArcToolbox\Toolboxes\Data Management Tools.tbx\DeleteFeatures" Date="20130228" Time="152718" Name="" export="">DeleteFeatures "Database Connections\GEODB2_watersheds.sde\GIS_WATERSHEDS.Green_StWater_Infrastructure"</Process><Process ToolSource="C:\Program Files\ArcGIS\Desktop10.0\ArcToolbox\Toolboxes\Data Management Tools.tbx\DeleteFeatures" Date="20130430" Time="130832" Name="" export="">DeleteFeatures "Database Connections\GEODB2 ADMIN.sde\GIS_WATERSHEDS.Green_StWater_Infrastructure"</Process><Process ToolSource="c:\program files\arcgis\desktop10.0\ArcToolbox\Toolboxes\Data Management Tools.tbx\DeleteFeatures" Date="20130711" Time="145444" Name="" export="">DeleteFeatures "Database Connections\GEODB2 ADMIN.sde\GIS_WATERSHEDS.Green_StWater_Infrastructure"</Process><Process ToolSource="c:\program files\arcgis\desktop10.0\ArcToolbox\Toolboxes\Data Management Tools.tbx\CalculateField" Date="20130711" Time="151327" Name="" export="">CalculateField GIS_WATERSHEDS.Green_StWater_Infrastructure LINK "[LINK_1] + [LINK_2]" VB #</Process><Process ToolSource="c:\program files\arcgis\desktop10.0\ArcToolbox\Toolboxes\Data Management Tools.tbx\DeleteFeatures" Date="20130827" Time="144437" Name="" export="">DeleteFeatures "Database Connections\GEODB2 ADMIN.sde\GIS_WATERSHEDS.Green_StWater_Infrastructure"</Process><Process ToolSource="c:\program files\arcgis\desktop10.1\ArcToolbox\Toolboxes\Data Management Tools.tbx\DeleteFeatures" Date="20131220" Time="122028" Name="" export="">DeleteFeatures "Database Connections\GEODB2 ADMIN.sde\GIS_WATERSHEDS.Green_StWater_Infrastructure"</Process><Process ToolSource="c:\program files\arcgis\desktop10.1\ArcToolbox\Toolboxes\Data Management Tools.tbx\DeleteFeatures" Date="20131220" Time="123941" Name="" export="">DeleteFeatures "Database Connections\GEODB2 ADMIN.sde\GIS_WATERSHEDS.Green_StWater_Infrastructure"</Process><Process ToolSource="c:\program files\arcgis\desktop10.1\ArcToolbox\Toolboxes\Data Management Tools.tbx\CalculateField" Date="20131220" Time="130046" Name="" export="">CalculateField GIS_WATERSHEDS.Green_StWater_Infrastructure POROUS_PAVING "Pervious Paving" VB #</Process><Process ToolSource="c:\program files\arcgis\desktop10.1\ArcToolbox\Toolboxes\Data Management Tools.tbx\CalculateField" Date="20131220" Time="130238" Name="" export="">CalculateField GIS_WATERSHEDS.Green_StWater_Infrastructure POROUS_PAVING "Porous Paving" VB #</Process><Process ToolSource="c:\program files\arcgis\desktop10.1\ArcToolbox\Toolboxes\Data Management Tools.tbx\CalculateField" Date="20131220" Time="130417" Name="" export="">CalculateField GIS_WATERSHEDS.Green_StWater_Infrastructure PRIMARY_FEATURE "Pervious Paving" VB #</Process><Process ToolSource="c:\program files\arcgis\desktop10.1\ArcToolbox\Toolboxes\Data Management Tools.tbx\DeleteFeatures" Date="20140325" Time="105324" Name="" export="">DeleteFeatures "Database Connections\GEODB2 ADMIN.sde\GIS_WATERSHEDS.Green_StWater_Infrastructure"</Process><Process ToolSource="c:\program files\arcgis\desktop10.1\ArcToolbox\Toolboxes\Data Management Tools.tbx\DeleteFeatures" Date="20140325" Time="105756" Name="" export="">DeleteFeatures "Database Connections\GEODB2 ADMIN.sde\GIS_WATERSHEDS.Green_StWater_Infrastructure"</Process><Process ToolSource="c:\program files\arcgis\desktop10.1\ArcToolbox\Toolboxes\Data Management Tools.tbx\DeleteFeatures" Date="20140325" Time="132057" Name="" export="">DeleteFeatures "Database Connections\GEODB2 ADMIN.sde\GIS_WATERSHEDS.Green_StWater_Infrastructure"</Process><Process ToolSource="c:\program files\arcgis\desktop10.1\ArcToolbox\Toolboxes\Data Management Tools.tbx\CopyFeatures" Date="20140325" Time="140335">CopyFeatures temp_layer C:\GITHUB_Exports\GSI\shapefile\temp\Green_StWater_Infrastructure.shp # 0 0 0</Process><Process ToolSource="c:\program files\arcgis\desktop10.1\ArcToolbox\Toolboxes\Data Management Tools.tbx\Project" Date="20140325" Time="140340">Project C:\GITHUB_Exports\GSI\shapefile\temp\Green_StWater_Infrastructure.shp C:\GITHUB_Exports\GSI\shapefile\Green_StWater_Infrastructure.shp GEOGCS['GCS_WGS_1984',DATUM['D_WGS_1984',SPHEROID['WGS_1984',6378137.0,298.257223563]],PRIMEM['Greenwich',0.0],UNIT['Degree',0.0174532925199433],METADATA['World',-180.0,-90.0,180.0,90.0,0.0,0.0174532925199433,0.0,1262]] WGS_1984_(ITRF00)_To_NAD_1983 PROJCS['NAD_1983_StatePlane_Pennsylvania_South_FIPS_3702_Feet',GEOGCS['GCS_North_American_1983',DATUM['D_North_American_1983',SPHEROID['GRS_1980',6378137.0,298.257222101]],PRIMEM['Greenwich',0.0],UNIT['Degree',0.0174532925199433]],PROJECTION['Lambert_Conformal_Conic'],PARAMETER['False_Easting',1968500.0],PARAMETER['False_Northing',0.0],PARAMETER['Central_Meridian',-77.75],PARAMETER['Standard_Parallel_1',39.93333333333333],PARAMETER['Standard_Parallel_2',40.96666666666667],PARAMETER['Latitude_Of_Origin',39.33333333333334],UNIT['Foot_US',0.3048006096012192]]</Process></lineage><itemProps><itemLocation><linkage Sync="TRUE">file://\\28-ARAMMCCAR01\C$\GITHUB_Exports\GSI\shapefile\temp\Green_StWater_Infrastructure.shp</linkage><protocol Sync="TRUE">Local Area Network</protocol></itemLocation><itemName Sync="TRUE">Green_StWater_Infrastructure</itemName><imsContentType Sync="TRUE">002</imsContentType><nativeExtBox><westBL Sync="TRUE">2666907.000094</westBL><eastBL Sync="TRUE">2735943.000145</eastBL><southBL Sync="TRUE">210780.500279</southBL><northBL Sync="TRUE">285361.686746</northBL><exTypeCode Sync="TRUE">1</exTypeCode></nativeExtBox><itemSize Sync="TRUE">0.000</itemSize></itemProps><coordRef><type Sync="TRUE">Projected</type><geogcsn Sync="TRUE">GCS_North_American_1983</geogcsn><csUnits Sync="TRUE">Linear Unit: Foot_US (0.304801)</csUnits><projcsn Sync="TRUE">NAD_1983_StatePlane_Pennsylvania_South_FIPS_3702_Feet</projcsn><peXml Sync="TRUE">&lt;ProjectedCoordinateSystem xsi:type='typens:ProjectedCoordinateSystem' xmlns:xsi='http://www.w3.org/2001/XMLSchema-instance' xmlns:xs='http://www.w3.org/2001/XMLSchema' xmlns:typens='http://www.esri.com/schemas/ArcGIS/10.1'&gt;&lt;WKT&gt;PROJCS[&amp;quot;NAD_1983_StatePlane_Pennsylvania_South_FIPS_3702_Feet&amp;quot;,GEOGCS[&amp;quot;GCS_North_American_1983&amp;quot;,DATUM[&amp;quot;D_North_American_1983&amp;quot;,SPHEROID[&amp;quot;GRS_1980&amp;quot;,6378137.0,298.257222101]],PRIMEM[&amp;quot;Greenwich&amp;quot;,0.0],UNIT[&amp;quot;Degree&amp;quot;,0.0174532925199433]],PROJECTION[&amp;quot;Lambert_Conformal_Conic&amp;quot;],PARAMETER[&amp;quot;False_Easting&amp;quot;,1968500.0],PARAMETER[&amp;quot;False_Northing&amp;quot;,0.0],PARAMETER[&amp;quot;Central_Meridian&amp;quot;,-77.75],PARAMETER[&amp;quot;Standard_Parallel_1&amp;quot;,39.93333333333333],PARAMETER[&amp;quot;Standard_Parallel_2&amp;quot;,40.96666666666667],PARAMETER[&amp;quot;Latitude_Of_Origin&amp;quot;,39.33333333333334],UNIT[&amp;quot;Foot_US&amp;quot;,0.3048006096012192],AUTHORITY[&amp;quot;EPSG&amp;quot;,2272]]&lt;/WKT&gt;&lt;XOrigin&gt;-119214200&lt;/XOrigin&gt;&lt;YOrigin&gt;-96198500&lt;/YOrigin&gt;&lt;XYScale&gt;37163717.489134133&lt;/XYScale&gt;&lt;ZOrigin&gt;-100000&lt;/ZOrigin&gt;&lt;ZScale&gt;10000&lt;/ZScale&gt;&lt;MOrigin&gt;-100000&lt;/MOrigin&gt;&lt;MScale&gt;10000&lt;/MScale&gt;&lt;XYTolerance&gt;0.0032808333333333331&lt;/XYTolerance&gt;&lt;ZTolerance&gt;0.001&lt;/ZTolerance&gt;&lt;MTolerance&gt;0.001&lt;/MTolerance&gt;&lt;HighPrecision&gt;true&lt;/HighPrecision&gt;&lt;WKID&gt;102729&lt;/WKID&gt;&lt;LatestWKID&gt;2272&lt;/LatestWKID&gt;&lt;/ProjectedCoordinateSystem&gt;</peXml></coordRef></DataProperties><ArcGISstyle>Item Description</ArcGISstyle><SyncDate>20140325</SyncDate><SyncTime>14033400</SyncTime><scaleRange><minScale>150000000</minScale><maxScale>5000</maxScale></scaleRange></Esri><dataIdInfo><idPurp>Green City, Clean Waters is Philadelphia's 25-year plan to protect and enhance our watersheds by managing stormwater with green infrastructure. This feature class represents Green Stormwater Infrastructure (GSI) locations that are currently in the design phase or have been constructed.
 
Features updated:  03/25/2014
Attributes updated: 03/25/2014
Metadata updated  03/25/2014
Update Frequency - quarterly or as needed
</idPurp><idAbs>&lt;DIV STYLE="text-align:Left;"&gt;&lt;DIV&gt;&lt;DIV&gt;&lt;P STYLE="margin:0 0 0 0;"&gt;&lt;SPAN STYLE="font-weight:bold;"&gt;Abstract&lt;/SPAN&gt;&lt;/P&gt;&lt;P STYLE="margin:0 0 0 0;"&gt;&lt;SPAN&gt;Point geometric features representing planned and complete Green Stormwater Infrastructure (GSI).&lt;/SPAN&gt;&lt;/P&gt;&lt;P /&gt;&lt;P STYLE="margin:0 0 0 0;"&gt;&lt;SPAN STYLE="font-weight:bold;"&gt;Data Development&lt;/SPAN&gt;&lt;/P&gt;&lt;P STYLE="margin:0 0 0 0;"&gt;&lt;SPAN&gt;All GSI Project data is stored in a tabular database then exported and displayed spatially with Latitude and Longitude coordinates.&lt;/SPAN&gt;&lt;/P&gt;&lt;P /&gt;&lt;P STYLE="font-weight:bold;margin:0 0 0 0;"&gt;&lt;SPAN&gt;Key attribute field names and descriptions&lt;/SPAN&gt;&lt;/P&gt;&lt;P STYLE="margin:0 0 0 0;"&gt;&lt;SPAN&gt;NAME - Label name of the project&lt;/SPAN&gt;&lt;/P&gt;&lt;P STYLE="margin:0 0 0 0;"&gt;&lt;SPAN&gt;STATUS - Constructed or In design&lt;/SPAN&gt;&lt;/P&gt;&lt;P STYLE="margin:0 0 0 0;"&gt;&lt;SPAN&gt;WATERSHED - Watershed&lt;/SPAN&gt;&lt;/P&gt;&lt;P STYLE="margin:0 0 0 0;"&gt;&lt;SPAN&gt;COUNCIL_DISTRICT - City Council District&lt;/SPAN&gt;&lt;/P&gt;&lt;P STYLE="margin:0 0 0 0;"&gt;&lt;SPAN&gt;PRIMARY_FEATURE - Main GSI Feature on site (many GSI system features can be present) &lt;/SPAN&gt;&lt;SPAN /&gt;&lt;SPAN&gt;SW_TREE_TRENCH - Stormwater Tree Trench is on site&lt;/SPAN&gt;&lt;/P&gt;&lt;P STYLE="margin:0 0 0 0;"&gt;&lt;SPAN&gt;SW_PLANTER - Stormwater Planter is on site&lt;/SPAN&gt;&lt;/P&gt;&lt;P STYLE="margin:0 0 0 0;"&gt;&lt;SPAN&gt;SW_BUMPOUT - Stormwater Bumpout is on site&lt;/SPAN&gt;&lt;/P&gt;&lt;P STYLE="margin:0 0 0 0;"&gt;&lt;SPAN&gt;RAIN_GARDEN - Rain Garden is on site&lt;/SPAN&gt;&lt;/P&gt;&lt;P STYLE="margin:0 0 0 0;"&gt;&lt;SPAN&gt;SW_BASIN - Stormwater Basin is on site&lt;/SPAN&gt;&lt;/P&gt;&lt;P STYLE="margin:0 0 0 0;"&gt;&lt;SPAN&gt;INFILTRATION_TRENCH - Infiltration Storage Trench is on site&lt;/SPAN&gt;&lt;/P&gt;&lt;P STYLE="margin:0 0 0 0;"&gt;&lt;SPAN&gt;POROUS_PAVING - Porous Paving is on site&lt;/SPAN&gt;&lt;/P&gt;&lt;P STYLE="margin:0 0 0 0;"&gt;&lt;SPAN&gt;SWALE - Swale is on site&lt;/SPAN&gt;&lt;/P&gt;&lt;P STYLE="margin:0 0 0 0;"&gt;&lt;SPAN&gt;SW_WETLAND - Stormwater Wetland is on site&lt;/SPAN&gt;&lt;/P&gt;&lt;P STYLE="margin:0 0 0 0;"&gt;&lt;SPAN&gt;CISTERN_RAIN_BARREL - Cistern or Rain Barrel is on site&lt;/SPAN&gt;&lt;/P&gt;&lt;P STYLE="margin:0 0 0 0;"&gt;&lt;SPAN&gt;GREEN_ROOF - Green Roof is on site&lt;/SPAN&gt;&lt;/P&gt;&lt;P STYLE="margin:0 0 0 0;"&gt;&lt;SPAN&gt;OTHER - Other GSI project is on site&lt;/SPAN&gt;&lt;/P&gt;&lt;P STYLE="margin:0 0 0 0;"&gt;&lt;SPAN&gt;LINK - Website Link&lt;/SPAN&gt;&lt;/P&gt;&lt;P /&gt;&lt;P STYLE="margin:0 0 0 0;"&gt;&lt;SPAN STYLE="font-weight:bold;"&gt;Coordinate system&lt;/SPAN&gt;&lt;/P&gt;&lt;P STYLE="margin:0 0 0 0;"&gt;&lt;SPAN&gt;NAD_1983_StatePlane_Pennsylvania_South_FIPS_3702_Feet&lt;/SPAN&gt;&lt;/P&gt;&lt;P STYLE="margin:0 0 0 0;"&gt;&lt;SPAN&gt;Projection: Lambert_Conformal_Conic&lt;/SPAN&gt;&lt;/P&gt;&lt;P STYLE="margin:0 0 0 0;"&gt;&lt;SPAN&gt;False_Easting: 1968500.000000&lt;/SPAN&gt;&lt;/P&gt;&lt;P STYLE="margin:0 0 0 0;"&gt;&lt;SPAN&gt;False_Northing: 0.000000&lt;/SPAN&gt;&lt;/P&gt;&lt;P STYLE="margin:0 0 0 0;"&gt;&lt;SPAN&gt;Central_Meridian: -77.750000&lt;/SPAN&gt;&lt;/P&gt;&lt;P STYLE="margin:0 0 0 0;"&gt;&lt;SPAN&gt;Standard_Parallel_1: 39.933333&lt;/SPAN&gt;&lt;/P&gt;&lt;P STYLE="margin:0 0 0 0;"&gt;&lt;SPAN&gt;Standard_Parallel_2: 40.966667&lt;/SPAN&gt;&lt;/P&gt;&lt;P STYLE="margin:0 0 0 0;"&gt;&lt;SPAN&gt;Latitude_Of_Origin: 39.333333&lt;/SPAN&gt;&lt;/P&gt;&lt;P STYLE="margin:0 0 0 0;"&gt;&lt;SPAN&gt;Linear Unit: Foot_US (0.304801)&lt;/SPAN&gt;&lt;/P&gt;&lt;P /&gt;&lt;P STYLE="margin:0 0 0 0;"&gt;&lt;SPAN&gt;Geographic Coordinate System: GCS_North_American_1983&lt;/SPAN&gt;&lt;/P&gt;&lt;P STYLE="margin:0 0 0 0;"&gt;&lt;SPAN&gt;Angular Unit: Degree (0.017453292519943299)&lt;/SPAN&gt;&lt;/P&gt;&lt;P STYLE="margin:0 0 0 0;"&gt;&lt;SPAN&gt;Prime Meridian: Greenwich (0.000000000000000000)&lt;/SPAN&gt;&lt;/P&gt;&lt;P STYLE="margin:0 0 0 0;"&gt;&lt;SPAN&gt;Datum: D_North_American_1983&lt;/SPAN&gt;&lt;/P&gt;&lt;P STYLE="margin:0 0 0 0;"&gt;&lt;SPAN&gt;Spheroid: GRS_1980&lt;/SPAN&gt;&lt;/P&gt;&lt;P STYLE="margin:0 0 0 0;"&gt;&lt;SPAN&gt;Semimajor Axis: 6378137.000000000000000000&lt;/SPAN&gt;&lt;/P&gt;&lt;P STYLE="margin:0 0 0 0;"&gt;&lt;SPAN&gt;Semiminor Axis: 6356752.314140356100000000&lt;/SPAN&gt;&lt;/P&gt;&lt;P STYLE="margin:0 0 0 0;"&gt;&lt;SPAN&gt;Inverse Flattening: 298.257222101000020000&lt;/SPAN&gt;&lt;/P&gt;&lt;P /&gt;&lt;P STYLE="margin:0 0 0 0;"&gt;&lt;SPAN STYLE="font-weight:bold;"&gt;Thematic mapping &lt;/SPAN&gt;&lt;/P&gt;&lt;P STYLE="margin:0 0 0 0;"&gt;&lt;SPAN&gt;Downloadable symbol layer coming soon&lt;/SPAN&gt;&lt;/P&gt;&lt;P /&gt;&lt;P STYLE="margin:0 0 0 0;"&gt;&lt;SPAN STYLE="font-weight:bold;"&gt;Other Information&lt;/SPAN&gt;&lt;/P&gt;&lt;P STYLE="margin:0 0 0 0;"&gt;&lt;SPAN&gt;Feel free to contact me with any questions or to point out errors&lt;/SPAN&gt;&lt;/P&gt;&lt;P /&gt;&lt;/DIV&gt;&lt;/DIV&gt;&lt;/DIV&gt;</idAbs><idCredit>Philadelphia Water Department, Office of Watersheds
1101 Market St. 4th Fl. Philadelphia PA, 19107
215-685-6246
maryellen.mccarty@phila.gov
</idCredit><idCitation><resTitle>Green Stormwater Infrastructure Projects</resTitle><presForm><PresFormCd value="005" Sync="TRUE"/></presForm></idCitation><searchKeys><keyword>Green Stormwater Infrastructure</keyword><keyword>GSI</keyword><keyword>Green City Clean Waters</keyword><keyword>Big Green Map</keyword><keyword>Stormwater Tree Trench</keyword><keyword>Stormwater Planter</keyword><keyword>Stormwater Bumpout</keyword><keyword>Rain Garden</keyword><keyword>Stormwater Basin</keyword><keyword>Infiltration Storage Trench</keyword><keyword>Porous Paving</keyword><keyword>Swale</keyword><keyword>Cistern or Rain Barrel</keyword><keyword>Green Roof</keyword></searchKeys><resConst><Consts><useLimit>&lt;DIV STYLE="text-align:Left;"&gt;&lt;DIV&gt;&lt;DIV&gt;&lt;P&gt;&lt;SPAN&gt;The City of Philadelphia makes no representation about the accuracy of any specific information in this GIS data and is provided “as is” and without Warranty of any kind. The user of this data will assume complete responsibility for any and all occurrences resulting from its use or display and will hold the City of Philadelphia harmless from any and all claims, demands, liabilities, obligations, damages, suits, judgments or settlements, including reasonable costs and attorneys' fees, that arise from use of this data.&lt;/SPAN&gt;&lt;/P&gt;&lt;/DIV&gt;&lt;/DIV&gt;&lt;/DIV&gt;</useLimit></Consts></resConst><envirDesc Sync="TRUE">Microsoft Windows 7 Version 6.1 (Build 7601) Service Pack 1; Esri ArcGIS 10.1.1.3300</envirDesc><dataLang><languageCode value="eng" Sync="TRUE"/><countryCode value="USA" Sync="TRUE"/></dataLang><spatRpType><SpatRepTypCd value="001" Sync="TRUE"/></spatRpType><dataExt><geoEle xmlns=""><GeoBndBox esriExtentType="search"><exTypeCode Sync="TRUE">1</exTypeCode><westBL Sync="TRUE">-75.261003</westBL><eastBL Sync="TRUE">-75.006869</eastBL><northBL Sync="TRUE">40.089578</northBL><southBL Sync="TRUE">39.879321</southBL></GeoBndBox></geoEle></dataExt></dataIdInfo><mdLang><languageCode value="eng" Sync="TRUE"/><countryCode value="USA" Sync="TRUE"/></mdLang><distInfo><distFormat><formatName Sync="TRUE">Shapefile</formatName></distFormat><distTranOps><transSize Sync="TRUE">0.000</transSize></distTranOps></distInfo><mdHrLv><ScopeCd value="005" Sync="TRUE"/></mdHrLv><mdHrLvName Sync="TRUE">dataset</mdHrLvName><refSysInfo><RefSystem><refSysID><identCode code="2272" Sync="TRUE"/><idCodeSpace Sync="TRUE">EPSG</idCodeSpace><idVersion Sync="TRUE">7.11.2</idVersion></refSysID></RefSystem></refSysInfo><spatRepInfo><VectSpatRep><geometObjs Name="Green_StWater_Infrastructure"><geoObjTyp><GeoObjTypCd value="004" Sync="TRUE"></GeoObjTypCd></geoObjTyp><geoObjCnt Sync="TRUE">0</geoObjCnt></geometObjs><topLvl><TopoLevCd value="001" Sync="TRUE"></TopoLevCd></topLvl></VectSpatRep></spatRepInfo><spdoinfo><ptvctinf><esriterm Name="Green_StWater_Infrastructure"><efeatyp Sync="TRUE">Simple</efeatyp><efeageom code="1" Sync="TRUE"></efeageom><esritopo Sync="TRUE">FALSE</esritopo><efeacnt Sync="TRUE">0</efeacnt><spindex Sync="TRUE">FALSE</spindex><linrefer Sync="TRUE">FALSE</linrefer></esriterm></ptvctinf></spdoinfo><eainfo><detailed Name="Green_StWater_Infrastructure"><enttyp><enttypl Sync="TRUE">Green_StWater_Infrastructure</enttypl><enttypt Sync="TRUE">Feature Class</enttypt><enttypc Sync="TRUE">0</enttypc></enttyp><attr><attrlabl Sync="TRUE">FID</attrlabl><attalias Sync="TRUE">FID</attalias><attrtype Sync="TRUE">OID</attrtype><attwidth Sync="TRUE">4</attwidth><atprecis Sync="TRUE">0</atprecis><attscale Sync="TRUE">0</attscale><attrdef Sync="TRUE">Internal feature number.</attrdef><attrdefs Sync="TRUE">Esri</attrdefs><attrdomv><udom Sync="TRUE">Sequential unique whole numbers that are automatically generated.</udom></attrdomv></attr><attr><attrlabl Sync="TRUE">NAME</attrlabl><attalias Sync="TRUE">NAME</attalias><attrtype Sync="TRUE">String</attrtype><attwidth Sync="TRUE">80</attwidth><atprecis Sync="TRUE">0</atprecis><attscale Sync="TRUE">0</attscale></attr><attr><attrlabl Sync="TRUE">STATUS</attrlabl><attalias Sync="TRUE">STATUS</attalias><attrtype Sync="TRUE">String</attrtype><attwidth Sync="TRUE">50</attwidth><atprecis Sync="TRUE">0</atprecis><attscale Sync="TRUE">0</attscale></attr><attr><attrlabl Sync="TRUE">WATERSHED</attrlabl><attalias Sync="TRUE">WATERSHED</attalias><attrtype Sync="TRUE">String</attrtype><attwidth Sync="TRUE">50</attwidth><atprecis Sync="TRUE">0</atprecis><attscale Sync="TRUE">0</attscale></attr><attr><attrlabl Sync="TRUE">SW_PLANTER</attrlabl><attalias Sync="TRUE">SW_PLANTER</attalias><attrtype Sync="TRUE">String</attrtype><attwidth Sync="TRUE">50</attwidth><atprecis Sync="TRUE">0</atprecis><attscale Sync="TRUE">0</attscale></attr><attr><attrlabl Sync="TRUE">COUNCIL_DI</attrlabl><attalias Sync="TRUE">COUNCIL_DI</attalias><attrtype Sync="TRUE">String</attrtype><attwidth Sync="TRUE">5</attwidth><atprecis Sync="TRUE">0</atprecis><attscale Sync="TRUE">0</attscale></attr><attr><attrlabl Sync="TRUE">PRIMARY_FE</attrlabl><attalias Sync="TRUE">PRIMARY_FE</attalias><attrtype Sync="TRUE">String</attrtype><attwidth Sync="TRUE">50</attwidth><atprecis Sync="TRUE">0</atprecis><attscale Sync="TRUE">0</attscale></attr><attr><attrlabl Sync="TRUE">SW_TREE_TR</attrlabl><attalias Sync="TRUE">SW_TREE_TR</attalias><attrtype Sync="TRUE">String</attrtype><attwidth Sync="TRUE">50</attwidth><atprecis Sync="TRUE">0</atprecis><attscale Sync="TRUE">0</attscale></attr><attr><attrlabl Sync="TRUE">SW_BUMPOUT</attrlabl><attalias Sync="TRUE">SW_BUMPOUT</attalias><attrtype Sync="TRUE">String</attrtype><attwidth Sync="TRUE">50</attwidth><atprecis Sync="TRUE">0</atprecis><attscale Sync="TRUE">0</attscale></attr><attr><attrlabl Sync="TRUE">SW_BASIN</attrlabl><attalias Sync="TRUE">SW_BASIN</attalias><attrtype Sync="TRUE">String</attrtype><attwidth Sync="TRUE">50</attwidth><atprecis Sync="TRUE">0</atprecis><attscale Sync="TRUE">0</attscale></attr><attr><attrlabl Sync="TRUE">RAIN_GARDE</attrlabl><attalias Sync="TRUE">RAIN_GARDE</attalias><attrtype Sync="TRUE">String</attrtype><attwidth Sync="TRUE">50</attwidth><atprecis Sync="TRUE">0</atprecis><attscale Sync="TRUE">0</attscale></attr><attr><attrlabl Sync="TRUE">SWALE</attrlabl><attalias Sync="TRUE">SWALE</attalias><attrtype Sync="TRUE">String</attrtype><attwidth Sync="TRUE">50</attwidth><atprecis Sync="TRUE">0</atprecis><attscale Sync="TRUE">0</attscale></attr><attr><attrlabl Sync="TRUE">INFILTRATI</attrlabl><attalias Sync="TRUE">INFILTRATI</attalias><attrtype Sync="TRUE">String</attrtype><attwidth Sync="TRUE">50</attwidth><atprecis Sync="TRUE">0</atprecis><attscale Sync="TRUE">0</attscale></attr><attr><attrlabl Sync="TRUE">POROUS_PAV</attrlabl><attalias Sync="TRUE">POROUS_PAV</attalias><attrtype Sync="TRUE">String</attrtype><attwidth Sync="TRUE">50</attwidth><atprecis Sync="TRUE">0</atprecis><attscale Sync="TRUE">0</attscale></attr><attr><attrlabl Sync="TRUE">SW_WETLAND</attrlabl><attalias Sync="TRUE">SW_WETLAND</attalias><attrtype Sync="TRUE">String</attrtype><attwidth Sync="TRUE">50</attwidth><atprecis Sync="TRUE">0</atprecis><attscale Sync="TRUE">0</attscale></attr><attr><attrlabl Sync="TRUE">GREEN_ROOF</attrlabl><attalias Sync="TRUE">GREEN_ROOF</attalias><attrtype Sync="TRUE">String</attrtype><attwidth Sync="TRUE">50</attwidth><atprecis Sync="TRUE">0</atprecis><attscale Sync="TRUE">0</attscale></attr><attr><attrlabl Sync="TRUE">CISTERN_RA</attrlabl><attalias Sync="TRUE">CISTERN_RA</attalias><attrtype Sync="TRUE">String</attrtype><attwidth Sync="TRUE">50</attwidth><atprecis Sync="TRUE">0</atprecis><attscale Sync="TRUE">0</attscale></attr><attr><attrlabl Sync="TRUE">OTHER</attrlabl><attalias Sync="TRUE">OTHER</attalias><attrtype Sync="TRUE">String</attrtype><attwidth Sync="TRUE">50</attwidth><atprecis Sync="TRUE">0</atprecis><attscale Sync="TRUE">0</attscale></attr><attr><attrlabl Sync="TRUE">LONGITUDE</attrlabl><attalias Sync="TRUE">LONGITUDE</attalias><attrtype Sync="TRUE">Double</attrtype><attwidth Sync="TRUE">19</attwidth><atprecis Sync="TRUE">18</atprecis><attscale Sync="TRUE">8</attscale></attr><attr><attrlabl Sync="TRUE">LATITUDE</attrlabl><attalias Sync="TRUE">LATITUDE</attalias><attrtype Sync="TRUE">Double</attrtype><attwidth Sync="TRUE">19</attwidth><atprecis Sync="TRUE">18</atprecis><attscale Sync="TRUE">8</attscale></attr><attr><attrlabl Sync="TRUE">SHAPE</attrlabl><attalias Sync="TRUE">Shape</attalias><attrtype Sync="TRUE">Geometry</attrtype><attwidth Sync="TRUE">0</attwidth><atprecis Sync="TRUE">0</atprecis><attscale Sync="TRUE">0</attscale><attrdef Sync="TRUE">Feature geometry.</attrdef><attrdefs Sync="TRUE">ESRI</attrdefs><attrdomv><udom Sync="TRUE">Coordinates defining the features.</udom></attrdomv></attr></detailed></eainfo><mdDateSt Sync="TRUE">20140325</mdDateSt><mdChar><CharSetCd value="004" Sync="TRUE"/></mdChar></metadata>
